{
"Profiles": [
{
  "Ansi 5 Color" : {
    "Red Component" : 0.98811757564544678,
    "Color Space" : "Calibrated",
    "Blue Component" : 0.65158092975616455,
    "Alpha Component" : 1,
    "Green Component" : 0.35074537992477417
  },
  "Tags" : [

  ],
  "Ansi 12 Color" : {
    "Red Component" : 0.33359432220458984,
    "Color Space" : "Calibrated",
    "Blue Component" : 0.99875175952911377,
    "Alpha Component" : 1,
    "Green Component" : 0.68011558055877686
  },
  "Use Non-ASCII Font" : true,
  "Ansi 1 Color" : {
    "Red Component" : 0.98614990711212158,
    "Color Space" : "Calibrated",
    "Blue Component" : 0.35388326644897461,
    "Alpha Component" : 1,
    "Green Component" : 0.020856760442256927
  },
  "Bold Color" : {
    "Red Component" : 0.38319265842437744,
    "Color Space" : "Calibrated",
    "Blue Component" : 0.3831876814365387,
    "Alpha Component" : 1,
    "Green Component" : 0.38318115472793579
  },
  "Normal Font" : "SauceCodePowerline-Regular 15",
  "Custom Directory" : "No",
  "Ansi 3 Color" : {
    "Red Component" : 0.99310135841369629,
    "Color Space" : "Calibrated",
    "Blue Component" : 0.35100504755973816,
    "Alpha Component" : 1,
    "Green Component" : 0.66525256633758545
  },
  "Rows" : 25,
  "Default Bookmark" : "No",
  "Horizontal Spacing" : 1,
  "Blend" : 0.54476439790575915,
  "Cursor Guide Color" : {
    "Red Component" : 0.14865921437740326,
    "Color Space" : "Calibrated",
    "Blue Component" : 0.82989299297332764,
    "Alpha Component" : 0.25,
    "Green Component" : 1
  },
  "Non-ASCII Anti Aliased" : true,
  "Use Bright Bold" : true,
  "Ansi 10 Color" : {
    "Red Component" : 0.14805346727371216,
    "Color Space" : "Calibrated",
    "Blue Component" : 0.82991856336593628,
    "Alpha Component" : 1,
    "Green Component" : 1
  },
  "Ambiguous Double Width" : false,
  "Jobs to Ignore" : [
    "rlogin",
    "ssh",
    "slogin",
    "telnet"
  ],
  "Ansi 15 Color" : {
    "Red Component" : 0.94097667932510376,
    "Color Space" : "Calibrated",
    "Blue Component" : 0.9409644603729248,
    "Alpha Component" : 1,
    "Green Component" : 0.940948486328125
  },
  "Foreground Color" : {
    "Red Component" : 0.94097667932510376,
    "Color Space" : "Calibrated",
    "Blue Component" : 0.9409644603729248,
    "Alpha Component" : 1,
    "Green Component" : 0.940948486328125
  },
  "Working Directory" : "\/Users\/thebaron",
  "Blinking Cursor" : false,
  "Disable Window Resizing" : true,
  "Sync Title" : false,
  "Prompt Before Closing 2" : false,
  "BM Growl" : true,
  "Command" : "",
  "Description" : "Default",
  "Mouse Reporting" : false,
  "Screen" : -1,
  "Selection Color" : {
    "Red Component" : 0.38319265842437744,
    "Color Space" : "Calibrated",
    "Blue Component" : 0.3831876814365387,
    "Alpha Component" : 1,
    "Green Component" : 0.38318115472793579
  },
  "Initial Use Transparency" : false,
  "Columns" : 80,
  "Idle Code" : 0,
  "Ansi 13 Color" : {
    "Red Component" : 0.99126648902893066,
    "Color Space" : "Calibrated",
    "Blue Component" : 0.81628024578094482,
    "Alpha Component" : 1,
    "Green Component" : 0.58417999744415283
  },
  "Custom Command" : "No",
  "ASCII Anti Aliased" : true,
  "Non Ascii Font" : "Monaco 12",
  "Vertical Spacing" : 1,
  "Use Bold Font" : true,
  "Option Key Sends" : 0,
  "Selected Text Color" : {
    "Red Component" : 0.8780597448348999,
    "Color Space" : "Calibrated",
    "Blue Component" : 0.87804841995239258,
    "Alpha Component" : 1,
    "Green Component" : 0.87803351879119873
  },
  "Background Color" : {
    "Red Component" : 0.11183337867259979,
    "Color Space" : "Calibrated",
    "Blue Component" : 0.12634934484958649,
    "Alpha Component" : 1,
    "Green Component" : 0.11884582042694092
  },
  "Character Encoding" : 4,
  "Ansi 11 Color" : {
    "Red Component" : 0.99454373121261597,
    "Color Space" : "Calibrated",
    "Blue Component" : 0.49358806014060974,
    "Alpha Component" : 1,
    "Green Component" : 0.74323266744613647
  },
  "Use Italic Font" : true,
  "Unlimited Scrollback" : true,
  "Keyboard Map" : {
    "0xf700-0x260000" : {
      "Action" : 10,
      "Text" : "[1;6A"
    },
    "0x37-0x40000" : {
      "Action" : 11,
      "Text" : "0x1f"
    },
    "0x32-0x40000" : {
      "Action" : 11,
      "Text" : "0x00"
    },
    "0xf709-0x20000" : {
      "Action" : 10,
      "Text" : "[17;2~"
    },
    "0xf70c-0x20000" : {
      "Action" : 10,
      "Text" : "[20;2~"
    },
    "0xf729-0x20000" : {
      "Action" : 10,
      "Text" : "[1;2H"
    },
    "0xf72b-0x40000" : {
      "Action" : 10,
      "Text" : "[1;5F"
    },
    "0xf705-0x20000" : {
      "Action" : 10,
      "Text" : "[1;2Q"
    },
    "0xf703-0x260000" : {
      "Action" : 10,
      "Text" : "[1;6C"
    },
    "0xf700-0x220000" : {
      "Action" : 10,
      "Text" : "[1;2A"
    },
    "0xf701-0x280000" : {
      "Action" : 11,
      "Text" : "0x1b 0x1b 0x5b 0x42"
    },
    "0x38-0x40000" : {
      "Action" : 11,
      "Text" : "0x7f"
    },
    "0x33-0x40000" : {
      "Action" : 11,
      "Text" : "0x1b"
    },
    "0xf703-0x220000" : {
      "Action" : 10,
      "Text" : "[1;2C"
    },
    "0xf701-0x240000" : {
      "Action" : 10,
      "Text" : "[1;5B"
    },
    "0xf70d-0x20000" : {
      "Action" : 10,
      "Text" : "[21;2~"
    },
    "0xf702-0x260000" : {
      "Action" : 10,
      "Text" : "[1;6D"
    },
    "0xf729-0x40000" : {
      "Action" : 10,
      "Text" : "[1;5H"
    },
    "0xf706-0x20000" : {
      "Action" : 10,
      "Text" : "[1;2R"
    },
    "0x34-0x40000" : {
      "Action" : 11,
      "Text" : "0x1c"
    },
    "0xf700-0x280000" : {
      "Action" : 11,
      "Text" : "0x1b 0x1b 0x5b 0x41"
    },
    "0x2d-0x40000" : {
      "Action" : 11,
      "Text" : "0x1f"
    },
    "0xf70e-0x20000" : {
      "Action" : 10,
      "Text" : "[23;2~"
    },
    "0xf702-0x220000" : {
      "Action" : 10,
      "Text" : "[1;2D"
    },
    "0xf703-0x280000" : {
      "Action" : 11,
      "Text" : "0x1b 0x1b 0x5b 0x43"
    },
    "0xf700-0x240000" : {
      "Action" : 10,
      "Text" : "[1;5A"
    },
    "0xf707-0x20000" : {
      "Action" : 10,
      "Text" : "[1;2S"
    },
    "0xf70a-0x20000" : {
      "Action" : 10,
      "Text" : "[18;2~"
    },
    "0x35-0x40000" : {
      "Action" : 11,
      "Text" : "0x1d"
    },
    "0xf70f-0x20000" : {
      "Action" : 10,
      "Text" : "[24;2~"
    },
    "0xf703-0x240000" : {
      "Action" : 10,
      "Text" : "[1;5C"
    },
    "0xf701-0x260000" : {
      "Action" : 10,
      "Text" : "[1;6B"
    },
    "0xf702-0x280000" : {
      "Action" : 11,
      "Text" : "0x1b 0x1b 0x5b 0x44"
    },
    "0xf72b-0x20000" : {
      "Action" : 10,
      "Text" : "[1;2F"
    },
    "0x36-0x40000" : {
      "Action" : 11,
      "Text" : "0x1e"
    },
    "0xf708-0x20000" : {
      "Action" : 10,
      "Text" : "[15;2~"
    },
    "0xf701-0x220000" : {
      "Action" : 10,
      "Text" : "[1;2B"
    },
    "0xf70b-0x20000" : {
      "Action" : 10,
      "Text" : "[19;2~"
    },
    "0xf702-0x240000" : {
      "Action" : 10,
      "Text" : "[1;5D"
    },
    "0xf704-0x20000" : {
      "Action" : 10,
      "Text" : "[1;2P"
    }
  },
  "Window Type" : 0,
  "Blur Radius" : 0.10000000000000001,
  "Background Image Location" : "",
  "Blur" : true,
  "Badge Color" : {
    "Red Component" : 0.98614990711212158,
    "Color Space" : "Calibrated",
    "Blue Component" : 0.35388326644897461,
    "Alpha Component" : 0.5,
    "Green Component" : 0.020856760442256927
  },
  "Scrollback Lines" : 0,
  "Send Code When Idle" : false,
  "Close Sessions On End" : true,
  "Terminal Type" : "xterm-256color",
  "Visual Bell" : true,
  "Flashing Bell" : true,
  "Silence Bell" : true,
  "Ansi 14 Color" : {
    "Red Component" : 0.14865921437740326,
    "Color Space" : "Calibrated",
    "Blue Component" : 0.82989299297332764,
    "Alpha Component" : 1,
    "Green Component" : 1
  },
  "Name" : "Default",